video_id,title,description,channel_title,channel_id,channel_handle,published_at,thumbnail_url,view_count,like_count,months_since_publish,estimated_views_per_month,tracked_views_growth_per_month
272fLnXWaZQ,Strategic Empathy - Rehumanising Project Governance | Project Management SG,"Modern projects aren’t failing because of a lack of data, talent, or tools. They’re failing because Project Leaders are being asked to navigate environments defined by paradox: speed and rigour, innovation and control, autonomy and alignment, ambition and fatigue.
Traditional governance models, built for linear problems, remain largely retrospective - calibrated to interpret what has already happened rather than anticipate what is unfolding.
This session introduces Strategic Empathy - not a framework, but a paradigm for understanding and navigating complexity in a time of competing truths.
It offers a prospective way of seeing: enabling Project Leaders to detect drift early, interpret weak signals before they crystallise into issues, and make decisions that hold coherence across multiple time horizons.
Drawing on real-world experience across large-scale transformations, engineering programmes, and organisational change, this talk explores:
• Why complexity cannot be simplified without consequence.
• How paradox tolerance becomes a core capability for Project Leaders.
• Why governance systems anchored in retrospection create systemic blind spots.
• How the Strategic Empathy paradigm restores clarity, alignment, and meaningful progress by shifting leaders toward a prospective mode of judgment.
Participants will leave with a deeper understanding of how to lead projects where linear logic fails - and where the capacity to see ahead of the data becomes the ultimate differentiator.",BCS Member Groups,UCVkozrz9LHYPgwIsbw_-3gQ,@BCSMemberGroups,2026-03-12 00:00:00+00:00,https://i.ytimg.com/vi/272fLnXWaZQ/maxresdefault.jpg,195,2,2.431211498973306,80.21,0.0
V_78ciCxgAQ,Deepfake Forensics: then Cybercrime Forensics SG AGM | Cybercrime Forensics SG,"Synopsis
The proliferation of deepfakes and other AI-generated media presents unprecedented challenges for digital forensics and law enforcement. While detection technologies are advancing rapidly, they remain fragmented, inconsistent, and vulnerable to evasion by increasingly sophisticated generative models. This talk examines the technical limitations of current detection tools and techniques, highlighting issues of reliability, scalability, and evidential admissibility. Beyond technology, policing and Digital Forensics Units (DFUs) face operational hurdles, including the absence of standardised policies, procedures, and training frameworks to guide the handling of synthetic media evidence. We explore the implications for investigative workflows, evidential integrity, and public trust, and propose pathways toward robust forensic standards and cross-sector collaboration. Attendees will gain insight into the urgent need for integrated technical, procedural, and policy solutions to address the growing threat of synthetic media in criminal investigations.
Speaker biography
Dr Áine MacDermott is a Senior Lecturer in the School of Computer Science and Mathematics, at Liverpool John Moores University, specialising in digital forensics and cyber security. With over 14 years of research experience, Dr MacDermott has conducted impactful research-informed teaching involving forensic evidence handling and methodologies, device and IoT forensics, network and technology security, and more recently, the forensic analysis of fabricated media such as deepfakes. Dr MacDermott holds a PhD in Network Security and BSc (Hons) in Computer Forensics and is passionate about educating the next generation of forensics professionals on the challenges and opportunities presented by emerging technologies like deepfakes and AI. With over 50 publications to date, Dr MacDermott continues to contribute significantly to the fields of cyber security and digital forensics.",BCS Member Groups,UCVkozrz9LHYPgwIsbw_-3gQ,@BCSMemberGroups,2026-01-30 00:00:00+00:00,https://i.ytimg.com/vi/V_78ciCxgAQ/maxresdefault.jpg,140,2,3.7782340862423,37.05,
j8R1b8HZhwQ,"The Future of Cyber Attacks in AI Era | Beds, Bucks and Northants branch","The Future of Cyber Attacks: How AI Moves From Assisting to Fully Orchestrating Cyber Threats” is an advanced seminar designed to help delegates understand the rapidly changing cyber-threat landscape as artificial intelligence evolves from a passive enabler of attacks to an active, autonomous orchestrator.

Moving beyond conceptual discussion, the session examines how modern offensive AI systems analyse targets, adapt strategies in real time, and execute coordinated multi-stage attacks with minimal human involvement.

Across the seminar, participants will be guided through the mechanics of AI-driven threat generation, with a particular emphasis on adversarial agents, autonomous exploitation workflows, and the convergence of large-scale automation with intent-driven cyber operations.

A series of hands-on demonstrations will highlight how agentic AI models interact with MCP-based offensive servers, showcasing practical examples of reconnaissance, vulnerability chaining, and dynamic decision-making by AI systems. These demonstrations are designed to give attendees a tangible sense of how quickly attack capabilities are evolving and why traditional defence models are struggling to keep pace.

The seminar will also address the strategic implications for cybersecurity teams and policymakers. Delegates will explore how defensive practice must adapt, including new detection strategies for AI-generated traffic, the importance of proactive threat-hunting in the era of machine-speed intrusions, and the role of governance frameworks capable of managing autonomous digital adversaries.",BCS Member Groups,UCVkozrz9LHYPgwIsbw_-3gQ,@BCSMemberGroups,2026-02-10 00:00:00+00:00,https://i.ytimg.com/vi/j8R1b8HZhwQ/maxresdefault.jpg,109,2,3.4168377823408624,31.9,
9Li9E88sxEI,From BA to Boardroom: How a Career in Tech Can Take You to the Top | BCS London Branches,"Speaker:
Bev White - Executive Chair of Nash Squared

Synopsis:
Numerous challenges face today’s digital leaders across the Technology sector. Challenges include AI, cybersecurity, how to improve D&I practices, and how to increase the number of women in technology. Come to hear the views of the Executive Chair of a $1 Billion group on these topics and more.",BCS Member Groups,UCVkozrz9LHYPgwIsbw_-3gQ,@BCSMemberGroups,2026-04-24 00:00:00+00:00,https://i.ytimg.com/vi/9Li9E88sxEI/maxresdefault.jpg,100,3,1.0184804928131417,98.19,0.0
KUIZ2AkVJUA,Critical Thinking for Testers in the age of AI | Software Testing SG,"Future generations are growing up with AI embedded in their lives, and they will come to rely on it more and more to help them with day to day tasks. But there is an inherent risk that this reliance will see humans in the future starting to lose the ability to think for themselves. The biases that shape AI could be defined by those who do retain the ability to think critically, plan strategically and adapt quickly, leaving others disadvantaged. But rather than be fearful of AI, we can thrive with it, whilst we strengthen our own cognitive abilities. Attendees will: Learn from studies the impact that a reliance on AI is having on our cognitive abilities. Find a balance between utilising the benefits of AI and maintaining critical thinking skills. Understand why the art of critical thinking is important for the future. Learn how they can sharpen their critical thinking skills as testers. Pick up tips as to how they can help others to practice critical thinking.",BCS Member Groups,UCVkozrz9LHYPgwIsbw_-3gQ,@BCSMemberGroups,2026-01-26 00:00:00+00:00,https://i.ytimg.com/vi/KUIZ2AkVJUA/maxresdefault.jpg,91,0,3.909650924024641,23.28,
7cBJXpV8LL4,"Convergent Tech - AI is an Ingredient, Not a Meal | BCS London Branches","Speaker:
Jeremy Dalton - Founder, XRHQ.com

Synopsis:
We are witnessing the largest concentration of investment in a single technology in modern history. The assumption underpinning this bet is that AI is categorically different. This talk challenges that assumption. Transformative innovation has always emerged from convergence: the collision of ideas, techniques, and technologies from unrelated domains. The printing press combined winemaking, metallurgy, and chemistry. The telescope emerged when glassmaking met spectacle craftsmanship. Surgical stitching borrowed from seamstresses and leatherworkers. This talk makes the case for convergent thinking: not against AI, but against the mindset that mistakes one ingredient for an entire meal.",BCS Member Groups,UCVkozrz9LHYPgwIsbw_-3gQ,@BCSMemberGroups,2026-02-24 00:00:00+00:00,https://i.ytimg.com/vi/7cBJXpV8LL4/maxresdefault.jpg,82,0,2.9568788501026693,27.73,
jza1pDS8VCY,"AI Governance in Practice: Privacy, Vulnerability and Social Impact","AI regulation, privacy and inclusion: guidance to manage risks, protect vulnerable groups and embed accountable, people-centred AI
Panellists
 - Maria Flores
 - Amit Gadhia
 - Freddie Quek

Brought to you by: BCS Consultancy Specialist Group supported by BCS Digital Divide Specialist Group and BCS Business Change Specialist Group",BCS Member Groups,UCVkozrz9LHYPgwIsbw_-3gQ,@BCSMemberGroups,2026-01-21 00:00:00+00:00,https://i.ytimg.com/vi/jza1pDS8VCY/maxresdefault.jpg,81,0,4.073921971252567,19.88,
yVG_Q_FKlfs,"Hybrid: Build Together - Public Hackathon Showcase by WDAI, UKAI & RepAI | PRIDE SG","Synopsis
BCS Pride & RepresentAI are proud to host and partner with Women Defining AI and UKAI for the Build Together Public Hackathon Showcase, kindly Sponsored by Mony Group.
This brings together innovators, technologists, policymakers, and community leaders to witness the unveiling of four early-stage AI prototypes developed during the WDAIxUKAI Build Together hackathon. These solutions align with the National AI Tender and the UK AI Opportunities Plan, demonstrating practical applications of AI for social good.
Featured Prototypes
• Talk & Book – Voice-powered GP appointment booking that removes digital barriers for patients who struggle with online forms
• Move.ai – An intelligent assistant that simplifies the overwhelming admin of moving home, from address changes to service transfers
• SLT Companion – Improving access pathways to speech and language therapy for children and families
• Money Mind – An AI learning companion helping young people develop financial literacy and future-ready decision-making skills
Why This Matters
Around 50% of the hackathon participants are AI beginners, proving that building meaningful AI solutions doesn't require years of technical training—it requires perspective, lived experience, and a commitment to solving real problems. This showcase demonstrates what's possible when we intentionally create space for diverse voices in AI development.
Who Should Attend
• AI practitioners and technologists
• Public sector innovators and policymakers
• Healthcare and education professionals
• Social impact investors and funders
• Community organizations and advocacy groups
• Anyone interested in responsible, inclusive AI development
Event Highlights
• Live prototype demonstrations
• Meet the teams behind each solution
• Panel discussion on inclusive AI development
• Networking with innovators, supporters, and collaborators
• Refreshments provided 
Hosted by Women Defining AI UK (WDAI), UK AI (UKAI) and partners BCS, The Chartered Institute for IT & RepresentAI.",BCS Member Groups,UCVkozrz9LHYPgwIsbw_-3gQ,@BCSMemberGroups,2026-02-10 00:00:00+00:00,https://i.ytimg.com/vi/yVG_Q_FKlfs/maxresdefault.jpg,70,0,3.4168377823408624,20.49,
ibp3ZcDpxqU,Appreciating Global Regulatory Requirements for Enterprise Blueprints | Enterprise Architecture SG,"Organisations operating across multiple jurisdictions need to be aware of any impact from global and regional regulatory requirements.
Failure to observe or comply with these requirements can result in fines, as can be seen in the UK where the FCA has imposed major fines exceeding £100M in most cases on the larger banks.
Controls can and should be designed where possible and built across Enterprise Systems and associated guardrails, so it is important for the Architecture Community and those who design enterprise capabilities and systems to be conversant with regulatory requirements discussed during the presentation.
What we aim to cover:
1. We will revisit the enterprise architecture stack and the importance of understanding the organisational Business Operating Model.
2. Regulatory Compliance – The Who, Why and the When
3. Address specific domains
• System Specific Regulations
    ◦ Cloud hosting Policies
    ◦ Data Privacy / Residency
    ◦ Introduction of AI Acts / Policies
• Business Specific
    ◦ Bribery
    ◦ Consumer Protection
    ◦ Anti-Money Laundering
    ◦ Fraud
    ◦ Sanctions
    ◦ Terrorism

At the end of the presentation, you will have an appreciation of some of the global regulatory requirements which should be considered when designing enterprise systems.",BCS Member Groups,UCVkozrz9LHYPgwIsbw_-3gQ,@BCSMemberGroups,2026-02-25 00:00:00+00:00,https://i.ytimg.com/vi/ibp3ZcDpxqU/maxresdefault.jpg,68,3,2.924024640657084,23.26,
NaJJqo5dqew,Using AI to Streamline Work | BCS London Branches,"Speaker:
Shyam Ruda - Computer Science (AI) Graduate from Brunel University

Synopsis:
Shyam Ruda presents a practical case study using a machine learning model to demonstrate how AI supports data-driven decision-making across industries.",BCS Member Groups,UCVkozrz9LHYPgwIsbw_-3gQ,@BCSMemberGroups,2026-04-09 00:00:00+00:00,https://i.ytimg.com/vi/NaJJqo5dqew/maxresdefault.jpg,68,1,1.51129363449692,44.99,0.0
iHzxgyAfo9c,The Stress Management Toolkit: Practical Hacks for Busy Consultants by Nikhil Desai,"This session covered a clear understanding of stress, its causes and its effect on productivity, health and relationships. Participants will learn simple, effective and time-tested techniques to dissolve stress, rejuvenate the body and calm the mind. The session was practical, engaging and designed for immediate application at work and in personal life.

Speaker biography
Nikhil Desai, International Motivational TEDx Speaker & Trainer

 - Featured TEDx Speaker on Unleashing The Potential In You & Your Organization
 - Founder & Director of The Centre For Excellence™, awarded Global Excellence In Training & Development
 - Honoured with WOW Awards Asia & Big Impact Award for Global Excellence in Motivational Speaking
 - Recognized for power-packed, high-energy motivational sessions that transform performance
 - Delivered sessions across oil platforms, luxury cruises & global corporate conferences
 - Inspired leaders and teams across Fortune 500 companies worldwide
 - Dedicated to Energizing People, Inspiring Excellence and Transforming Performance.

Global Recognition & Impact:
 - 34 Years
 - 42 Countries
 - 2,000+ Organizations
 - 250,000+ Participants
 - https://www.linkedin.com/in/nikhilpdesai/

This event was brought to you by the BCS Consultancy specialist group and BCS Business Change specialist group, supported by the BCS London branches.

BCS is the Chartered Institute for IT - a charity with a Royal Charter to promote and advance the education and practice of computing for the benefit of the public.",BCS Member Groups,UCVkozrz9LHYPgwIsbw_-3gQ,@BCSMemberGroups,2026-03-04 00:00:00+00:00,https://i.ytimg.com/vi/iHzxgyAfo9c/maxresdefault.jpg,61,4,2.6940451745379876,22.64,
YLKodThURyk,OWASP Operational Technology (OT) Top10 Vulnerabilities | Cybercrime Forensics SG,"Synopsis
Operational Technology (OT) encompasses a wide variety of programmable systems and devices that have direct or indirect interactions with the physical environment. These technologies are integral to numerous sectors such as manufacturing, energy, transportation, medical, and utilities, where they play a crucial role in the operation and management of physical processes.
As OT systems become more interconnected and integrated with Information Technology (IT) networks, they face increased vulnerability to large-scale cyber attacks. This integration, while beneficial for operational efficiency and data sharing, exposes OT systems to the same cyber threats that typically target IT environments.
The goal of the OWASP OT Top 10 is to raise awareness about the top security risks and vulnerabilities specific to OT environments. By providing actionable recommendations, we aim to improve the security posture of OT systems and protect critical infrastructure from cyber threats.
This talk presents the new release of the initial OWASP OT Top 10 to a broader audience to achieve awareness if its existence, alignment with the state-of-the-art and applicability in the OT domain.
SPEAKER BIOGRAPHIES
Siegfried Hollerer
Siegfried has seven years of experience as a penetration tester, focusing on the analysis of web applications, IT/OT infrastructures, and social engineering attacks. In addition to his practical experience, he has obtained an OSCP certificate. Furthermore, Siegfried has gained experience in incident response.
During this time, he also carried out security management consultations, audits and certifications based on the OT security standard IEC 62443 and the IT security standard ISO 27000. Since 2020, he has conducted scientific research into the integrated modelling of IT and OT security requirements in combination with functional safety and quality requirements.
This has resulted in several publications, which are accessible via IEEE, ACM, Elsevier and Springer. During his research, he identified the vulnerabilities CVE-2021-47662, CVE-2021-47663, and CVE-2021-47664.
In 2023, Siegfried joined the Federal Ministry of the Interior (BMI) in Austria as a security architect and analyst to enforce the “Netz- und Informationssystemsicherheitsgesetz” (NISG), which is the national implementation of the NIS EU directive [cf. Directive (EU) 2016/1148] .
He also works as a lecturer at St. Pölten University of Applied Sciences, delivering lectures on web application and infrastructure penetration testing, network traffic analysis and reverse engineering, and supervising bachelor's and master's theses. Siegfried has been OWASP OT Top 10 Project Leader since 2025.
Andreas Happe
Andreas started out as software developer but got lured into pen-testing by the offer of free coffee. After 10 years of pen-testing, he started a PhD focusing on the use of LLMs for offensive security and started to freelance as pen-tester, app-sec professional, and ISO27001 auditor.
During this journey, he collected some certifications (e.g., OSCP, CRTE, CARTP, PNPT, COSP), taught web-security at the University of Applied Sciences in Vienna, and became co-leader of three OWASP projects/chapters, the most recent one being the OWASP OT Top 10. Still loves coffee.",BCS Member Groups,UCVkozrz9LHYPgwIsbw_-3gQ,@BCSMemberGroups,2026-01-14 00:00:00+00:00,https://i.ytimg.com/vi/YLKodThURyk/maxresdefault.jpg,50,0,4.303901437371663,11.62,
80ZYx5B_pmc,"Careers in Tech & Quality - Starting Out, Moving Forward | Software Testing SG (SIGIST)","Careers in tech and in particular, Quality rarely follow a straight line.

This session brings together voices to speak about early careers, recruitment insight, and community perspectives to explore how people start, grow, and progress in roles where testing and quality are part of the work.

Alongside practical advice on entry points, skills, and progression, the discussion will touch on inclusion, different working styles, and why diverse perspectives, including how neurodiverse ways of thinking strengthen teams across the tech industry.",BCS Member Groups,UCVkozrz9LHYPgwIsbw_-3gQ,@BCSMemberGroups,2026-03-13 00:00:00+00:00,https://i.ytimg.com/vi/80ZYx5B_pmc/maxresdefault.jpg,49,1,2.3983572895277208,20.43,0.0
8eA9HdoIYUA,The Boutique Consultancy Blueprint: What You Need to Know,"This session explores contractor vs associate work, direct engagements, and practical steps for building a successful practice.

This event provides a practical guide for professionals considering launching a boutique consultancy. It covers the critical factors influencing success, including legal and financial considerations, and the differences between associate and direct work.

Attendees will gain actionable insights and a structured checklist to help them plan effectively and avoid common pitfalls. The session combines expert presentation with interactive discussion, ensuring participants leave with clarity and confidence to take the next steps.

Presentation followed by discussion, offering practical advice, real-world examples, and an opportunity for attendees to share experiences and ask questions.

Key considerations when starting a boutique consultancy

 - Understanding IR35 and its implications

 - Contractor vs associate vs direct work models

 - Financial and legal essentials for independent consultants

 - Building a client base and managing relationships

 - Checklist for setting up your consultancy

 - Common challenges and how to overcome them

 - Opportunities for networking and collaboration

Speakers:
Purnima Gore
Stephen Reeve
Jessica Gill
Irene Dallas
Liz Noble",BCS Member Groups,UCVkozrz9LHYPgwIsbw_-3gQ,@BCSMemberGroups,2026-04-13 00:00:00+00:00,https://i.ytimg.com/vi/8eA9HdoIYUA/maxresdefault.jpg,49,0,1.379876796714579,35.51,0.0
NVbRAZy_mq8,Generative AI - Part 2 | Artificial Intelligence SG,"Generative AI is rapidly reshaping the landscape of intelligent systems. This virtual seminar covers cutting-edge research and visionary perspectives on the design, deployment, and governance of generative models. It explores how generative models are enabling adaptive control, task planning, and embodied intelligence in dynamic environments. It also addresses GenAI robustness, interpretability, and alignment which are critical pillars for deploying generative systems in high-stakes domains.",BCS Member Groups,UCVkozrz9LHYPgwIsbw_-3gQ,@BCSMemberGroups,2026-04-30 00:00:00+00:00,https://i.ytimg.com/vi/NVbRAZy_mq8/maxresdefault.jpg,48,0,0.8213552361396304,58.44,0.0
1WyLznRc8_E,Playwright MCP (Model Context Protocol) - an AI automation tool | BCS Software Practice Advancement,"Over the past few months, a new approach to web testing emerged: using Playwright with GitHub Copilot to speed up authoring, explore scenarios, and refine assertions.

This presentation highlights how AI is reshaping the testing craft - making automation more iterative, exploratory, and collaboration-friendly.

It also walks through a practical setup in VS Code with the Copilot extension and MCP (Model Context Protocol) to connect AI assistance to a real project context.

Hybrid Event - 04.02.2026.",BCS Member Groups,UCVkozrz9LHYPgwIsbw_-3gQ,@BCSMemberGroups,2026-05-01 00:00:00+00:00,https://i.ytimg.com/vi/1WyLznRc8_E/maxresdefault.jpg,45,1,0.7885010266940452,57.07,0.0
Ljj1x9-bsuk,Vibe Coding: Building Apps at the Speed of Imagination | Kent branch,"Artificial intelligence is being increasingly used as a tool to improve efficiency, innovation and drive outcomes more quickly at scale. The world of application development is starting to harness the emotional and create 'vibe' of developers.

In this session, you will learn more about 'Vibe Coding', what it is, how it's being used, the tooling, driving quality code and taking applications to production. A live demonstration will be provided and there will be time for questions and answers.",BCS Member Groups,UCVkozrz9LHYPgwIsbw_-3gQ,@BCSMemberGroups,2026-01-26 00:00:00+00:00,https://i.ytimg.com/vi/Ljj1x9-bsuk/maxresdefault.jpg,45,1,3.909650924024641,11.51,
p8Mbcztr9iY,Use cases for AI in ITAM | SM-ITAM SG,,BCS Member Groups,UCVkozrz9LHYPgwIsbw_-3gQ,@BCSMemberGroups,2026-04-23 00:00:00+00:00,https://i.ytimg.com/vi/p8Mbcztr9iY/maxresdefault.jpg,44,4,1.051334702258727,41.85,0.0
QITX5FUJRJc,Could European Businesses Really Replace US Technology? | BCS Oxfordshire branch,"As technology leaders, we sometimes have to ask ourselves “what if the worst happened”, rather than “what would we like to happen”. In that spirit, we set ourselves the challenge to ask: “What if access to US tech was suddenly cut off? Could European businesses still function in a world without American technology?”

The previously close relationship between Europe and the US is more tense now than it has been for decades. If economic or political strains led to tariffs or export restrictions, how exposed are European companies to their dependence on American technology? The simple answer: very.

Almost every organisation relies on technologies built by teams with US HQs. These geopolitical shifts raise important questions about vendor dependency, resilience, and technology risk mitigation.

In this talk, we explore whether a viable non-US workplace technology stack exists and how it compares in usability, cost, and integration with existing workflows.",BCS Member Groups,UCVkozrz9LHYPgwIsbw_-3gQ,@BCSMemberGroups,2026-02-24 00:00:00+00:00,https://i.ytimg.com/vi/QITX5FUJRJc/maxresdefault.jpg,42,0,2.9568788501026693,14.2,
QR3rvpB0VHw,AI in Business – From Initiative to Implementation | BCS London Branches,"Speaker:
Asude Tarlacı - Strategic AI & Business Advisor and Founder of Londence

Synopsis:
Artificial Intelligence is reshaping how organisations operate and make decisions. But moving from technical capability to structured business implementation remains a challenge for many. In this session Asude explores AI from strategic perspectives. This session is designed for professionals who want to understand how AI moves from theory and experimentation into real-world, structured applications.",BCS Member Groups,UCVkozrz9LHYPgwIsbw_-3gQ,@BCSMemberGroups,2026-04-09 00:00:00+00:00,https://i.ytimg.com/vi/QR3rvpB0VHw/maxresdefault.jpg,41,0,1.51129363449692,27.13,0.0
GzhhXEZy80U,Resurrecting Old Systems For Fun (and Profit?) | Kent branch,"This talk looks at the application of emulation frameworks, both for interest and as a serious solution. The speaker, Bob Eager, graduated in Electronics from the University of Kent in 1973, followed by a Master’s in Computer Studies at the University of Essex. He was then invited back to Kent to do research in the area of operating systems portability, followed by appointment as a lecturer in 1978, He was rapidly seconded to help evaluate the Edinburgh Multi-Access System as a replacement for the unreliable VME/K system.
He oversaw it for the next eight years, with some challenging technical issues along the way. He subsequently managed the University's VAXcluster for six years before moving on.
Throughout this time he was teaching, mainly operating systems and compiling techniques. He retired in 2015. In retirement, he has indulged his interest in historical computing, particularly in the areas of simulators and replicas. One of his recent projects was the resurrection of the Cambridge TRIPOS system on the PDP-11, from incomplete and internally incompatible pieces of source code.
His long suffering wife allows him to keep a lot of ‘junk’ (her words) in the house, a shed, and a large storage unit. His current project is the resurrection of the Edinburgh Multi-Access System, via an emulator which he is currently developing. This has involved writing a compiler and an assembler on the way!",BCS Member Groups,UCVkozrz9LHYPgwIsbw_-3gQ,@BCSMemberGroups,2026-01-30 00:00:00+00:00,https://i.ytimg.com/vi/GzhhXEZy80U/maxresdefault.jpg,38,1,3.7782340862423,10.06,
5ZXRQjOxVvk,Managing data risks in use of AI | IRMA SG,"The session will discuss on an important area of risk applicable to use of AI models and solutions throughout the lifecycle - that of data.

Data is the new oil but it is only valuable if it is refined. The session will also address what are the controls risk professionals should consider to mitigate the risk to acceptable levels.",BCS Member Groups,UCVkozrz9LHYPgwIsbw_-3gQ,@BCSMemberGroups,2026-01-19 00:00:00+00:00,https://i.ytimg.com/vi/5ZXRQjOxVvk/maxresdefault.jpg,37,0,4.139630390143737,8.94,
arV6BpNagZc,Where is the value in data science? | Data Management SG,"The costs of having a data science function are obvious: staff wages and system running costs are highly visible and routinely reviewed by business leadership. The returns on this investment, are less clear and harder to evaluate. Not all the benefits of a data science function are directly measurable. In this talk, i will discuss three types of benefits that a data science function could provide, and how they can be measured.",BCS Member Groups,UCVkozrz9LHYPgwIsbw_-3gQ,@BCSMemberGroups,2026-03-12 00:00:00+00:00,https://i.ytimg.com/vi/arV6BpNagZc/maxresdefault.jpg,34,0,2.431211498973306,13.98,0.0
0fnlzah9zZQ,DOVE: Deliver Optimal Values Efficiently | Quality SG,"Time to shift focus from processes to results. We need to focus on multiple stakeholder values, to focus on actually delivering measurable result streams, and to do so efficiently: at lowest cost.

This talk will present specific proven-for decades methods for success, if you are tired of failure and ready to do what it takes to really deliver values.",BCS Member Groups,UCVkozrz9LHYPgwIsbw_-3gQ,@BCSMemberGroups,2026-01-19 00:00:00+00:00,https://i.ytimg.com/vi/0fnlzah9zZQ/maxresdefault.jpg,33,1,4.139630390143737,7.97,
B5R-9WFYa6A,Computing for Astronomy | Stoke-on-Trent and Staffordshire branch,"Computers have formed an integral part of both amateur and professional astronomy since the early days of modern computing. Prior to the dawn of the computer age, assistant astronomers were sometimes called computers, performing calculations and analysing data by hand.

Computers are now used everywhere in astronomy, from calculating the positions of celestial bodies and analysing images, to simulating stars, planetary atmospheres and the evolution of the universe. The talk will start with an introduction to astronomy, taking us from the local neighbourhood of our solar system to the large-scale universe of galaxies and clusters of galaxies.

We will then look at how we observe the universe, explaining the principles of telescopes and imaging, including the recent revolution in relatively cheap smart telescopes. This will be followed by the websites and software that help us to decide what to observe and to process our astronomical images.

We will finish by looking at computing in astronomy research with a brief overview of Andy's research using machine learning to find young stars in our Milky Way galaxy.",BCS Member Groups,UCVkozrz9LHYPgwIsbw_-3gQ,@BCSMemberGroups,2026-03-13 00:00:00+00:00,https://i.ytimg.com/vi/B5R-9WFYa6A/maxresdefault.jpg,33,0,2.3983572895277208,13.76,0.0
sNkkkubx4RE,The 2026 Cyber Threat Landscape | BCS Merseyside branch,"Synopsis
This practitioner-led executive roundtable addresses the critical intersection of AI, regulation, and security operations for SMEs in 2026.
Designed for Owners, CTOs, and IT Managers, the session will cover:
• AI Security Convergence: Securing AI systems and defending against AI-enabled attacks.
• Regulatory Complexity: Navigating NIS2, GDPR, and post-Brexit governance.
• Supply Chain Risk: Managing vendor risk and software supply chains.
• Identity & Hybrid Work: Zero trust realities and identity as the new perimeter.
• Resilience: Moving beyond prevention to recovery and business continuity.
About the speakers
Alex Keyter is the founder of Generative Minds, an AI education and consultancy focused on preventing digital exclusion in the age of AI. With a background spanning education and software development, Alex specialises in making complex AI concepts accessible while building bespoke technical solutions. He is passionate about digital inclusion, entrepreneurship, and empowerment, and speaks internationally on AI’s impact on business and society.
Alina Fesu is a cyber security PhD researcher and Associate Lecturer at Liverpool John Moores University, specialising in intrusion detection and cyber resilience for resource-constrained environments. Her work focuses on practical, resource-aware security and effective detection where budgets, visibility, and expertise are limited. Previously at F5 Networks across the UK and EMEA, she gained insight into real-world security adoption across SMEs, public sector, and defence organisations. Alina teaches cyber security and computer science, with a strong interest in responsible AI for detection and triage, SME-focused security, and strengthening pathways between academia and industry in the Liverpool City Region.
Dr Muhammad Usman holds an MS in Computer Science (Cyber Security) and a PhD from Griffith University, Australia, with postdoctoral research experience at the University of Surrey. With over 22 years of academic, industry, research, and leadership experience across Australia, Asia, and Europe, he has held roles spanning engineering, lecturing, senior academic leadership, research fellowships, and project management. He leads the Human-Centred Intelligent and Secure Systems research group and specialises in cyber security, digital forensics, AI-driven systems, trust and privacy, and interdisciplinary applications including healthtech, agritech, and autonomous systems. Dr Usman is Programme Leader for BSc (Hons) Computing (Networks, Cyber Security and Forensics) and a member of IEEE, BCS, and the Computer Science Teachers Association.
Jerry Chidiebere Chukwudi is a Software Engineer at Ipsum Utilities Ltd with over a decade of experience building and securing large-scale systems in regulated, operationally critical environments. His expertise spans secure application development, APIs, cloud services, data protection, and system resilience.
Mike Chilvers is Deputy Chief Information Security Officer at Elanco Animal Health, responsible for enabling secure operations across global research and manufacturing environments. Leading Risk & Compliance, Security Operations, and Architecture, he promotes an engineering-led approach to security that aligns protection with business growth, innovation, and regulatory obligations. Mike works closely with executives and the Board to ensure security remains a strategic enabler of Elanco’s mission.
Nick Bell is Chief Information Security Officer at Inspired, overseeing cyber risk, governance, compliance, data protection, GDPR, and Health & Safety across the group. He led the development of a scalable security and IT operating model supporting growth from 100 to 800 employees during rapid M&A expansion. With 25 years’ experience in corporate IT across the energy sector, Nick views technology as a value-enabling service for the business. He holds an MBA from Warwick Business School and is a Chartered Member of BCS.
Ugochukwu Njubigbo is a Cyber Security Analyst working within the NHS, operating on the frontline of security monitoring, incident response, and threat analysis in a highly regulated, mission-critical environment. Experienced with Microsoft Defender and Sentinel, they specialise in translating cyber risk into actionable insight for decision-makers. Their interests include the evolving SME threat landscape, AI and security convergence, identity challenges, regulatory pressure, and supply-chain risk. They contribute a pragmatic, real-world perspective and value discussion-led forums focused on immediately applicable security strategies.",BCS Member Groups,UCVkozrz9LHYPgwIsbw_-3gQ,@BCSMemberGroups,2026-03-13 00:00:00+00:00,https://i.ytimg.com/vi/sNkkkubx4RE/maxresdefault.jpg,31,0,2.3983572895277208,12.93,0.0
x0Duhd2JoPA,An Introduction to Operations Research with Google OR-Tools | SPA SG,"Modern Operations Research provides a scientific framework for today's complex decision-making landscape. Google OR-Tools supports this by providing a high-performance, open-source software suite that gives access to powerful optimisation techniques that can be applied to real-world industrial applications.

In this presentation I will introduce the field of Operations Research and Google OR-Tools. I'll then demonstrate the use of OR-Tools in practice by outlining the key elements that define an Operations Research problem and showing how these key elements provide a context for the different types of problem and the ""solvers"" that OR-Tools provides access to for solving them. I'll describe the generic process for working with solvers and illustrate this process in action through various examples using the OR-Tools Python wrapper. I'll finish by reflecting on some of the interesting design features of OR-Tools and outlining some of the current challenges for Operations Research.",BCS Member Groups,UCVkozrz9LHYPgwIsbw_-3gQ,@BCSMemberGroups,2026-04-22 00:00:00+00:00,https://i.ytimg.com/vi/x0Duhd2JoPA/maxresdefault.jpg,30,0,1.0841889117043122,27.67,0.0
JyBZrttg8qI,Generative AI - Part 1 | Artificial Intelligence SG,"Generative AI is rapidly reshaping the landscape of intelligent systems. This virtual seminar covers cutting-edge research and visionary perspectives on the design, deployment, and governance of generative models. It explores how generative models are enabling adaptive control, task planning, and embodied intelligence in dynamic environments. It also addresses GenAI robustness, interpretability, and alignment which are critical pillars for deploying generative systems in high-stakes domains.",BCS Member Groups,UCVkozrz9LHYPgwIsbw_-3gQ,@BCSMemberGroups,2026-04-30 00:00:00+00:00,https://i.ytimg.com/vi/JyBZrttg8qI/maxresdefault.jpg,27,0,0.8213552361396304,32.87,0.0
SETsmvyRBAQ,Code Smells Human-Written vs LLM Generated Programs | BCS Oxfordshire branch,"Synopsis
Code smells are indications of quality issues that are present in program code in the form of certain syntactic structures and patterns of code metrics. Although they are not bugs that cause software fail, they result in difficulty and cost in software maintenance, evolution, and reuse.

Since Beck and Fowler introduced the term “code smells” in 2018, intensive research has been reported in the literature on understanding the impact of code smells on various software quality attributes in the revision and transition categories, developing techniques and tools for detecting code smells and refactoring program code to reduce code smells.

It is now widely applied in software engineering practice. In recent years, with the rapid advance of machine learning (ML) in natural and programming language processing, large language models (LLMs) have become increasingly used in software development practice. LLM’s performance in code generation is a key element of the leader boards of LLM competition.

However, existing works have mostly focused on the functional correctness of generated code, while research found that the major driving force for the adoption of generated code is not its correctness but whether it is useful as a starting point for further development. A question is how to evaluate the usefulness of generated code for further development.

In this talk, we argue that code smell detection and assessment could offer a good answer to this question.

The talk will consist of two parts.

The first introduce the notion of code smells, and briefly reviews the techniques and automated tools for detecting code smells.

The second reports our experiments with on detecting the smells of LLM generated code and comparing them with code written by professional programmers.

About the speaker
Dr Hong Zhu is a Professor of Computer Science at the Oxford Brookes University, Oxford, UK, where he was the Chair of Applied Formal Methods Research Group and now chairs the Cloud Computing And Cybersecurity Research Group. He obtained his BSc, MSc and PhD degrees in Computer Science from Nanjing University, China, in 1982, 1984 and 1987, respectively. He was a faculty member of Nanjing University from 1987 to 1998 as a Lecturer, Associate Professor and Full Professor and PhD Student Supervisor.

He joined Oxford Brookes University in November 1998. His research interests are in software development methodologies, including software engineering of cloud-native applications, software engineering of AI and machine learning applications, multi-agent systems, formal methods, software design, software testing, programming languages, software modelling, and automated software engineering tools and environments, etc. He has published 2 books and more than 200 research papers in journals and international conferences.

He is a senior member of IEEE, a member of BCS, The Chartered Institute for IT, and ACM. He is a co-founder of the IEEE/ACM International Workshop/ Conference series on Automation of Software Test (AST) and a co-founder of the IEEE International Conference series on Artificial Intelligence Test (AITest).

He is a member of the Editorial Board of the Software Quality Journal and a member of the Steering Committee of the IEEE International Congress on Intelligent Service Oriented Systems Engineering (IEEE CISOSE).

He has also served numerous international conferences as a General Chair, PC chair and PC members and a reviewer for numerous journals and research funding bodies.",BCS Member Groups,UCVkozrz9LHYPgwIsbw_-3gQ,@BCSMemberGroups,2026-05-21 00:00:00+00:00,https://i.ytimg.com/vi/SETsmvyRBAQ/maxresdefault.jpg,26,0,0.13141683778234087,197.84,0.0
N0LK9LGqs5E,Shaping the Future of IT: An Evening with Daljit Rehal | Shropshire branch,"Join us for a truly illuminating evening as Daljit Rehal FBCS, President of BCS leads an exclusive session for the Shropshire BCS Branch.

With over three decades of distinguished leadership across telecoms, utilities, and government, Daljit stands as one of the UK's most influential figures in the IT industry, championing ethical AI, digital transformation, and public trust in technology.

Expect a compelling blend of high-level insight and practical takeaways, as he shares his vision for professionalism, accountability, and the evolving role of tech in society.",BCS Member Groups,UCVkozrz9LHYPgwIsbw_-3gQ,@BCSMemberGroups,2026-03-13 00:00:00+00:00,https://i.ytimg.com/vi/N0LK9LGqs5E/maxresdefault.jpg,26,0,2.3983572895277208,10.84,0.0
-oFdDr7WkR8,Futureproofing your degree: Skills and mindsets for Career Readiness | South Wales branch,"This session brings together expert voices to help students and early-career professionals prepare for their next steps.

Josephine Farag, Senior Lecturer and PGCE ICT Programme Leader at Cardiff Metropolitan University, will offer guidance for those considering a teaching career - whether after completing their degree or transitioning from another field.

Isabelle Ford, Senior Entrepreneurship Champion at Cardiff Metropolitan University, will help attendees explore how to apply an entrepreneurial mindset and share opportunities for those interested in launching their own business.

Joe Well, a USW graduate, will discuss how he prepared for life after university, offering insights for final-year students and recent graduates.",BCS Member Groups,UCVkozrz9LHYPgwIsbw_-3gQ,@BCSMemberGroups,2026-03-13 00:00:00+00:00,https://i.ytimg.com/vi/-oFdDr7WkR8/maxresdefault.jpg,25,1,2.3983572895277208,10.42,0.0
FJpXasit4LI,Do Data Assets Have Value? | BCS London Branches and BCS Data Management SG,"Speaker:
Miranda Sharp - CEO at Metis Digital, Board Member & Advisor

Synopsis:
Data was the new oil, or was it gold? In any case we are urged to work in the open and share data to support each other and minimise waste. How do we know if our data has value and how do we go about realising that value or even creating the business case to justify investment in it? Please join us online to share answers to these questions.",BCS Member Groups,UCVkozrz9LHYPgwIsbw_-3gQ,@BCSMemberGroups,2026-05-21 00:00:00+00:00,https://i.ytimg.com/vi/FJpXasit4LI/maxresdefault.jpg,25,0,0.13141683778234087,190.23,0.0
NO-nnI56otM,Lessons from Extreme Teams for Today’s Extreme Meetings by George Karseras,"How to make Meetings and Interactions consistently Value Add

Project managers are increasingly operating in ‘team complexity’, confronting multi-team membership, cross-functional team working and hybrid teaming conditions. Throw into the mix the pace and uncertainty of project plans, and we have a recipe for difficult, frustrating and unrewarding time spent at meetings.

Meanwhile, thanks to AI and digitalisation, we are also seeing a demise in the emotional intelligence and meaningfulness of our interactions.

As a result, despite concerted efforts to improve them, meetings attended by or even led by project managers are likely to be just as costly, inefficient and unrewarding as they have always been.

It’s time project managers shift their identity from one of ‘helplessness’ to one where they see themselves as influential members of a high-performing team.

This talk uses the science behind effective ‘Extreme Teams’ and a resulting simple formula that can be used to make any meeting attended by a PM a value-add experience.

George Karseras is a Chartered Occupational and Chartered Sports Psychologist and the Founder of www.team-up.company, a UK-based management consultancy firm. George has 30 years’ experience developing executive teams in North America, Australia, Europe, the Far East and Asia.

He is an author of Build Better Teams - Creating Winning Teams in the Digital Age and Teams: systems within systems in Business Psychology in Practice. George challenges outdated ways of developing teams and introduces a simple, scalable, science-based sequence of team development, that fast-tracks team working in digital and transforming environments. Build Better Teams is forwarded by Ed Stafford and has been endorsed by Amy Edmondson and Edgar Schein.

George lives with his family in North Somerset where he loves cycling, surfing and pretending to be an extreme sportsman.",BCS Member Groups,UCVkozrz9LHYPgwIsbw_-3gQ,@BCSMemberGroups,2026-04-30 00:00:00+00:00,https://i.ytimg.com/vi/NO-nnI56otM/maxresdefault.jpg,25,0,0.8213552361396304,30.44,0.0
yI5GUDk2lyY,"Digital exclusion in the UK, and what works to help fix the digital divide","Synopsis: While the world moves ever more online, a considerable number remain excluded from participating fully in the online world. 7.9 million adults in the UK lack basic digital skills, 3.7 million households are below the minimum digital living standard, and 1.6 million adults don’t have access to a digital device.

With age, disability, health, education and poverty all shaping people’s capacity and opportunity to be online, the digital divide is not experienced equally across society.

In this presentation, we will look at the nature and extent of digital exclusion in the UK, and also explore the work Good Things Foundation is doing to improving people’s digital access, skills and confidence, with clear positive impacts for their lives.

About the speaker: Jo Reynolds is a staff-elected trustee and is Research & Evaluation Manager at the Good Things Foundation, with responsibility for measuring the difference Good Things makes as an organisation, and understanding the impact of digital inclusion on people’s lives. She has a background in academic public health research and teaching, plus experience in evaluation consultancy in the charity sector.",BCS Member Groups,UCVkozrz9LHYPgwIsbw_-3gQ,@BCSMemberGroups,2026-04-17 00:00:00+00:00,https://i.ytimg.com/vi/yI5GUDk2lyY/maxresdefault.jpg,25,0,1.2484599589322383,20.02,0.0
8uluBFvRWSQ,Fast tracking the digitisation of adult social care with MODS | Faculty of Health & Care,"Synopsis
MODS is a milestone for social care and enables better outcomes for service users. It provides a shared national data language that facilitates integration and innovation. As such it tackles long-standing sector issues including inconsistent terminology and poor data sharing. In the talk we will hear why there was an urgent need for a national data standard in Adult Social Care to:
• Improve data quality and consistency
• Enable true interoperability across fragmented systems
• Reduce duplication, cost, and admin burden
• Support CQC (Care Quality Commission) and national policy requirements
• Unlock innovation, analytics and research
We will also learn how MODS was built and about NHS Assurance Portal. The portal ensures the standard is successfully implemented by driving compliance, supporting implementation, enforcing consistency and enabling continuous improvement.
Speaker biography
Adam is the CEO and Co-Founder of MetadataWorks. He led the data architecture team for the groundbreaking 100,000 Genome Project and has been instrumental in delivering MODS together with the UK's National Adult Social Care Record Standard. He is a member of the British Standards Institute's IST/35 Health Informatics committee and the UK FHIR Board's Sub-Group for Social Care. Adam is deeply committed to FAIR (Findable, Accessible, Interoperable and Reusable) data and is at the forefront of building federated data discovery networks across the government. He is delivering integrated metadata catalogues for leading organisations, including NHS England, Administrative Data Research UK, the Intergovernmental Panel on Climate Change, and the UK Office for National Statistics.",BCS Member Groups,UCVkozrz9LHYPgwIsbw_-3gQ,@BCSMemberGroups,2026-01-30 00:00:00+00:00,https://i.ytimg.com/vi/8uluBFvRWSQ/maxresdefault.jpg,25,0,3.7782340862423,6.62,
yw36PVAKDxo,Webinar: Presenting Reed Women In Tech Network | BCSWomen,"Synopsis
Come and explore the opportunity to join The Reed Women in Technology Community a free network comprised of 4,000 women in tech and allies, supporting your career development through mentoring, skills development and networking.
Mentoring:
Over the last 6 ½ years our mentoring programme has created 1,760 mentoring relationships, supporting women from career starter right through to C-Suite.
Skills Development:
On a weekly basis we connect our members to experts through a series of online webinars, workshops and coaching sessions. Throughout 2025 we delivered 91 online sessions for our members.
Networking:
Our community provides a variety of opportunities for its members to build meaningful relationships, both remotely through our online community and weekly networking calls and in-person through a series of meetups hosted by leading employers nationally (15 meetups in 2025).
[https://resources.reed.com/women-in-technology-community](https://url.uk.m.mimecastprotect.com/s/1DGRCJ6yVuBX2mliVf1HyXQ8k?domain=resources.reed.com)
Speaker Biography
Kevin Dainty is an experienced recruiter with 16 years operating in the Technology and Transformation space. Having previously launched and managed Reed’s senior appointments practice, Kevin now runs the Reed Women in Technology Community a network he founded in June 2019.
In 2025 Kevin was awarded, “Outstanding Advocate for Women in Tech - Male Ally” @ Women in Tech Employer Awards and “Community Impact” @ Global Queens Community Awards.",BCS Member Groups,UCVkozrz9LHYPgwIsbw_-3gQ,@BCSMemberGroups,2026-01-26 00:00:00+00:00,https://i.ytimg.com/vi/yw36PVAKDxo/maxresdefault.jpg,22,1,3.909650924024641,5.63,
FUptg4MqPWI,Harnessing Data for Sustainable Impact and BCS GreenIT SG AGM | Green IT SG,"Synopsis
Sustainability reporting is shifting from burden to opportunity. With the right technology, companies can treat sustainability data as a strategic asset. Companies face growing demands for sustainability reporting to comply with regulations and meet investor expectations. Though the data reveals inefficiencies and supports innovation, collecting it is challenging and costly. Despite its value in setting credible climate targets, many firms see reporting as a financial burden, since benefits are long-term while costs are immediate. We will also explain changes to sustainability reporting and what is the role of IT IFRS S1 and S2 mark a milestone in global sustainability reporting by embedding comprehensive sustainability-related disclosures into financial statements. S1 sets out the overarching requirements for identifying and disclosing sustainability risks and opportunities alongside traditional financial metrics. S2 builds on that foundation with a focused framework for climate-related disclosures, drawing directly on the TCFD’s pillars of governance, strategy, risk management, and metrics. The UK Sustainability Reporting Standards adopt the core structure of IFRS S1 and S2 while tailoring several provisions for the UK market. These UK-specific amendments are expected to be formally adopted in 2025, with the first reports under UK SRS due for financial periods beginning on or after 1 January 2026.
Speaker biographies
Alex Bardell is an accomplished Enterprise Architect with over 30 years of experience in designing, implementing, and optimizing complex enterprise systems. With a strong foundation in both business and technology, Alex excels at aligning IT strategy with organizational goals to drive business transformation and innovation.
Skilled in cloud architecture, application development, and Computer security, Alex leverages a comprehensive understanding of emerging technologies to create scalable, resilient solutions that meet evolving market demands. Alex's expertise spans industries such as finance, healthcare, and public sector, where he has led cross-functional teams to deviver technology soutions. A certified TOGAF Architect, who possess a keen ability to bridge communication between technical and non-technical stakeholders. Driven by a passion for technology evolution, Alex stays at the forefront of industry trends, embracing Agile methodologies, DevOps practices, and data-driven decision-making to foster adaptability and innovation.
His passion for sustainability in Tecnology started in 2006 when he joined the IBM House of Carbon initiative. The initiative defined a simple methodology to heat map and address carbon usage across an organisation. The focus of the study was reduction of the organisational carbon footprint from the perspective of technology emissions and how technology would act as an enabler in the reduction of emissions.
John Booth, Vice Chair GreenIT SG, MD of Carbon 3IT, Technical Director of National Data Centre Academy John owns and runs Carbon3IT Ltd, a sustainable IT consultancy, which provides IT energy auditing software and physical smart metering solutions. It also provides Sustainable IT consultancy. He has completed a BSc in Technology with Environment and Development with the Open University.
John has been in the industry since 1981 when he started his apprenticeship with BT, he have bid and project management experience, is a certified PRINCE 2 practitioner, holds the ISEB / BCS Foundation Certificate in Green IT & the EU Code of Conduct for Data Centres.",BCS Member Groups,UCVkozrz9LHYPgwIsbw_-3gQ,@BCSMemberGroups,2026-01-30 00:00:00+00:00,https://i.ytimg.com/vi/FUptg4MqPWI/maxresdefault.jpg,22,0,3.7782340862423,5.82,
MY6kBg-lGLY,All About Rare Earths | BCS Oxfordshire branch,"Synopsis
Rare earths, a family of 17 elements, are essential ingredients in modern life and key to many digital and low carbon technologies. Their magnetic and fluorescent properties have been used to create the technologies that drive electric cars, generate electricity in wind turbines, help store data and provide sound and colours in electronics, create lasers, catalyse chemical reactions, and even clean ovens.

Despite all these uses, most applications of rare earths don’t need very much of them and there are only a few rare earth mines in the world, mostly in China. It is this importance and vulnerability to supply disruption if China closes its doors that put the rare earths at the ‘top of the class’ of critical minerals. China was way ahead in recognising the opportunity of rare earth mining and manufacturing and the rest of the world is now playing catch up.

There are lots of different sorts of rare earth deposits though, all formed in different ways and with various advantages and disadvantages. The race is on to bring more mines into production but producing rare earths is challenging. It is not just about finding a deposit, that is just the start. Sorting out how to process the minerals and then do the chemistry to separate the rare earth element family from each other into products for onward manufacturing is not for the feint hearted.

The talk will highlight all these aspects with examples and some case study stories.

About the speaker
Professor Frances Wall is a Professor of Applied Mineralogy at the Camborne School of Mines at the University of Exeter. She specialises in technology raw materials, especially the rare earth elements, lithium and cobalt needed for decarbonisation, with interests in geology, processing, responsible sourcing and circular economy. Professor Wall was named one of the 100 Global Inspirational Women in Mining 2016 and awarded the William Smith medal of the Geological Society of London for applied and economic aspects of geology in 2019.",BCS Member Groups,UCVkozrz9LHYPgwIsbw_-3gQ,@BCSMemberGroups,2026-05-15 00:00:00+00:00,https://i.ytimg.com/vi/MY6kBg-lGLY/sddefault.jpg,21,1,0.32854209445585214,63.92,0.0
3NTetSrh0ZY,Automating Secure Infrastructure through code and ML Ops | DevSecOps SG,"Modern ML systems fail in different ways: inconsistent environments, leaky secrets, overly permissive data access, and problems such as ""it worked on my own PC, server or GPU"", but doesn't work when I deployed it to the production environment.

This talk shows how to automate Infrastructure as Code (IaC) and ML Ops using Terraform as the control plane, provisioning not only network and compute resources, but also ML foundational services such as artefact stores, model registries, feature stores, and secure service identities.

We'll build a DevSecOps workflow that shifts security left: including static IaC scanning (using tools such as TFLint, Trivy/Checkov), policy-as-code guardrails (with OPA/Rego via Conftest), and secrets management (using SOPS + Vault) enforced from pre-commit to CI/CD (using Jenkins).

This talk will look at patterns for encrypted remote state, signed and auditable plan/apply, least-privilege access to data and models, and drift detection. The aim is to ensure changes to platforms are reproducible, compliant, and ""production-safe"" as they scale.

Target audience:

Platform/Infrastructure engineers building cloud foundations and internal platform.
ML platform / ML Ops engineers automating training/serving environments and pipelines.
DevSecOps / Security engineers enforcing policy, compliance, and secure delivery.
Data engineers/analytics platform teams who manage governed storage and access.
Tech leads/architects standardising delivery across multiple teams/environments.",BCS Member Groups,UCVkozrz9LHYPgwIsbw_-3gQ,@BCSMemberGroups,2026-03-12 00:00:00+00:00,https://i.ytimg.com/vi/3NTetSrh0ZY/maxresdefault.jpg,17,0,2.431211498973306,6.99,0.0
at7RIOF8ur0,"Webinar: BCSWomen Lovelace: Insights from Students, Academics & Industry Innovators | BCSWomen SG","Synopsis
This series will introduce participants to the BCSWomen Lovelace Colloquium, exploring its mission and goals. Attendees will also hear from our sponsors and student competition winners, who will share their personal journeys and experiences beyond the Lovelace Colloquium.
In the third of our BCSWomen Lovelace Colloquium seminar series we turn the spotlight on our sponsors. STFC have sponsored the people’s choice award at the event for over a decade now and keep coming back - Hannah Griffin will join us from their Harwell centre to talk about why this is. We also talk to one of the past winners of the people’s choice prize, Saxon, who’s attended several events as a student.
Speaker Biographies
Dr Safia Barikzai
Safia Barikzai is Associate Professor and Deputy Head of School of Computer Science and Digital Technologies at London South Bank University. Safia has been championing inclusive and equitable Computing initiatives for over a decade. She is the current chair of the BCSWomen Lovelace Colloquium and has supported Lovelace for the past 10 years.
Hannah Griffin
Hannah works at Science and Technology Facilities Council (STFC) split between their neutron and muon science facility and their scientific computing department. She is based at Rutherford Appleton Laboratory in Oxfordshire where she leads a team of about 90 software and systems engineering professionals who work with scientists to make a positive difference in the world. Hannah is also a member of the Computing Early Careers Governance at STFC having set up the organisation's computing degree apprenticeship programme in 2015. She was the inaugural chair of STFC's National Laboratories Equality, Diversity and Inclusion (EDI) Working Group and a member of STFC's EDI Steering Group. Although she no longer holds those roles, she continues to support those that do and champions inclusion when and wherever it is needed. Hannah graduated from The University of Manchester with a BSc (Hons) in Information Systems Engineering. She joined the neutron and muon science facility as a software engineer and then went on to work as a team leader and group leader before becoming computing division head in 2019. Hannah is also a sister, wife, friend, volunteer with Girlguiding UK, trade union representative, dog and garden lover, and recently elected as a local councillor.
Saxon Partridge Smith
Saxon Partridge-Smith is a cyber security professional and First Class graduate of the University of Wolverhampton, specialising in Cyber Security. Her career includes key roles within the West Midlands Regional Cyber Crime Unit and the NHS, and she currently works as a Senior IT Security Officer at HS2, helping to safeguard critical national infrastructure. A passionate advocate for women in tech and further education, she has attended the BCSWomen Lovelace Colloquium five times and has won the People’s Choice award twice. Most recently, her poster “Are We Forgetting How to Remember”, explored the negative impact of technology on human independence and memory recall, highlighting the growing phenomenon of digital amnesia.",BCS Member Groups,UCVkozrz9LHYPgwIsbw_-3gQ,@BCSMemberGroups,2026-01-30 00:00:00+00:00,https://i.ytimg.com/vi/at7RIOF8ur0/maxresdefault.jpg,15,0,3.7782340862423,3.97,
Yo4mlaZbApE,Ethical and Legal Aspects of AI | Artificial Intelligence SG,,BCS Member Groups,UCVkozrz9LHYPgwIsbw_-3gQ,@BCSMemberGroups,2026-05-13 00:00:00+00:00,https://i.ytimg.com/vi/Yo4mlaZbApE/maxresdefault.jpg,13,0,0.3942505133470226,32.97,0.0
9Od5wOccCF4,Cybersecurity Over Lunch - Real Talk from a Woman in Tech Leader | BCSWomen SG,"The session highlighted lessons from working in high-pressure environments, building and empowering high-performing teams, and the critical role mentorship plays in career growth. Jennifer’s involvement with Women in Cyber Security (WiCyS) reinforced the importance of creating inclusive pathways and supporting emerging talent. Honest, practical, and inspiring, the talk offered valuable insights for anyone building a career or leadership path in cyber security.",BCS Member Groups,UCVkozrz9LHYPgwIsbw_-3gQ,@BCSMemberGroups,2026-03-12 00:00:00+00:00,https://i.ytimg.com/vi/9Od5wOccCF4/maxresdefault.jpg,12,0,2.431211498973306,4.94,0.0
a7PbFyXbXJc,BCSWomen 25 Years Celebration,"Interview with Professor Sue Black OBE, founder of BCSWomen",BCS Member Groups,UCVkozrz9LHYPgwIsbw_-3gQ,@BCSMemberGroups,2026-03-20 00:00:00+00:00,https://i.ytimg.com/vi/a7PbFyXbXJc/maxresdefault.jpg,11,2,2.1683778234086244,5.07,0.0
XASjAg79VpU,Technology Risk Management for Children’s Rights | IRMA SG,"As organisations face increasing regulatory and reputational exposure linked to digital harms, understanding child-related risk is becoming essential for risk and assurance professionals.

This session introduces the 5Rights framework and explores how children’s rights apply within digital risk management, audit and governance functions. Participants will examine how child-specific risks differ from standard risk assessments, how they align with privacy, safety and security by design, and how to determine acceptable risk thresholds.

Through a brief case study and overview of available standards and tools, the session will provide practical insight into strengthening assurance, improving oversight, and embedding children’s rights into enterprise risk management frameworks.",BCS Member Groups,UCVkozrz9LHYPgwIsbw_-3gQ,@BCSMemberGroups,2026-03-12 00:00:00+00:00,https://i.ytimg.com/vi/XASjAg79VpU/maxresdefault.jpg,9,1,2.431211498973306,3.7,0.0
uJQ2KNr67sM,Hyper local ITAD Operations - SOT6FC and Reboot IT For All | Stoke-on-Trent and Staffordshire branch,"In this session, James Earp will outline how the project originated and how the City of Stoke-on-Trent Sixth Form College, an academy within the Potteries Educational Trust, is supporting the initiative through its T Level provision.
The recently launched project has seen the City of Stoke-on-Trent Sixth Form College ([https://www.stokesfc.ac.uk/](https://www.stokesfc.ac.uk/)) become a hyper-local ITAD facility, working in partnership with Reboot IT For All CIC ([https://www.reboot-it.org/](https://www.reboot-it.org/)).",BCS Member Groups,UCVkozrz9LHYPgwIsbw_-3gQ,@BCSMemberGroups,2026-03-12 00:00:00+00:00,https://i.ytimg.com/vi/uJQ2KNr67sM/maxresdefault.jpg,8,0,2.431211498973306,3.29,0.0
zO9td6iYXTM,Quality Management Training Scholarship by the Quality Management Institute | Quality SG,"The webinar will announce and introduce the generous fourth full scholarship offered from the Quality Management Institute (QMI) for the BCS-QSG members (must be BCS members). It will provide a course overview and schedule for registration information.

The Scholarship application timeline will be announced in due course.

This webinar is for software and systems engineers, project managers, quality engineers/managers, and anyone else who wishes to improve quality in their products, processes, & organisation.

Fostering a quality mind-set can be achieved by the establishment of quality management as a cornerstone of professional development that adds value to the software engineering profession, and IT in general, through the following initiatives:

Developing and elaborating software engineering as a leadership discipline with quality management as a foundational competency.
Enabling software engineers to develop and expand the skills to manage process quality and increase profitability.
Considering the organisation as a system, fully integrating the process, the person and the job description.
Raising the level of professionalism, corporate and technical influence, job satisfaction and the career path trajectory.
This webinar aims to address quality management as a leadership and management discipline, as applied within software engineering specifically, and IT generally.

This follows the approach to quality management described in the works of Deming, Crosby and Juran, but limits the application to the IT and software engineering disciplines.

As such, quality management is distinct from other aspects of quality such as quality assurance, quality control and acceptable quality levels. Quality management is also distinct from the software engineering disciplines of verification and validation of systems.

Dr Kennedy will also address the connections of quality management to other areas of IT/software engineering, notably systems thinking and organisational leadership.",BCS Member Groups,UCVkozrz9LHYPgwIsbw_-3gQ,@BCSMemberGroups,2026-02-10 00:00:00+00:00,https://i.ytimg.com/vi/zO9td6iYXTM/maxresdefault.jpg,8,0,3.4168377823408624,2.34,
VZcb9oRCcG0,"Release Governance: All about how, not what | SM-ITAM SG",,BCS Member Groups,UCVkozrz9LHYPgwIsbw_-3gQ,@BCSMemberGroups,2026-04-23 00:00:00+00:00,https://i.ytimg.com/vi/VZcb9oRCcG0/maxresdefault.jpg,7,0,1.051334702258727,6.66,0.0
wbxOv5PJ26E,Business Change and how it relates to Professional Bodies | Business Change SG,"Sharron’s career and leadership journey provide the context for an exploration of how professional bodies are navigating an era of rapid technological change.

The discussion opens with an overview of her professional background, highlighting how traditionally structured institutions have evolved and why they are often seen as slow to adapt. Attention then turns to the specific challenges facing professional bodies, including legacy governance models, regulatory responsibilities, and changing member expectations.

BCS is used as a case study to illustrate its transformation journey, offering insight into how an established organisation can modernise while maintaining trust, relevance, and professional standards. The narrative looks ahead to the demands of staying relevant in a fast-moving technological landscape, the increasing importance of technology in the boardroom, and the growing influence of digital change across all professions.

The session concludes by reflecting on the role professional bodies play in shaping future skills, leadership, and professional practice in a technology-driven world.",BCS Member Groups,UCVkozrz9LHYPgwIsbw_-3gQ,@BCSMemberGroups,2026-03-13 00:00:00+00:00,https://i.ytimg.com/vi/wbxOv5PJ26E/maxresdefault.jpg,7,0,2.3983572895277208,2.92,0.0
8rjbJ30vsD8,Doing the right thing? Keeping IT equipment out of landfill | London South branch,"Synopsis
Computers for Charities (CfC) is a Sussex based charity operating since 1994. CfC turned the tide on the practice of IT reuse & recycling well before the introduction of WEEE.
Its objective is to aid the UK voluntary sector and utilise more fully the waste products of the IT industry by helping organisations to donate redundant IT to charity securely and safely. To date, over 500,000 computers have avoided landfill, benefiting thousands of charities and schools.
Moreover, CfC has aided the charity sector to develop sustainable programmes. African Schools Online is one example, providing first-time computer access to 100,000 children and their communities. CfC does not operate independently.
It is an advisor to governments, including former Mayor of London Ken Livingstone, the European Commission and Overseas Ministers, among others. Some 106 countries have benefited from CfC's input.
Needless to say CfC is not funded - however, corporate support has been the vital key throughout. In this session, Simon Rooksby highlights some of the charity's success stories over the last 30 years and explains the multiple challenges it had to overcome along the way.
If you're interested in ""Making IT Good for Society"", come along and find out how you and your organisation can make a material difference.
About the speaker
Simon Rooksby is founder and chairman of trustees for CfC.
Formerly a clinician within the NHS and with zero background in IT, he was put in charge of implementing a program into west Kent health services in 1992 - with no budget.
CfC was born out of the synthesis of Simon's experiences in the Bosnian war of 1992 and his realisation that such programmes could only function on charitable principles.",BCS Member Groups,UCVkozrz9LHYPgwIsbw_-3gQ,@BCSMemberGroups,2026-01-14 00:00:00+00:00,https://i.ytimg.com/vi/8rjbJ30vsD8/maxresdefault.jpg,4,0,4.303901437371663,0.93,
FKWsV5zkxwQ,Driving Change for Mental Health in Tech | South Yorkshire branch,"Mental health is a key factor that can determine the success and sustainability of an organisation, and we as professionals, as well as organisations need to drive mental health and develop workplaces that help support mental health and wellbeing.

There will be a short talk about the importance of mental health, followed by a discussion where we as professionals can discuss and identify ways to help develop even further mental health in our organisations, the Tech Community.",BCS Member Groups,UCVkozrz9LHYPgwIsbw_-3gQ,@BCSMemberGroups,2026-03-12 00:00:00+00:00,https://i.ytimg.com/vi/FKWsV5zkxwQ/maxresdefault.jpg,3,0,2.431211498973306,1.23,0.0
